{"cameraMode":{"drawMode":0,"name":"Shaded","section":"Shading Mode"},"sceneLighting":true,"audioPlay":false,"sceneViewState":{"m_AlwaysRefresh":false,"showFog":true,"showSkybox":true,"showFlares":true,"showImageEffects":true,"showParticleSystems":true,"showVisualEffectGraphs":true,"m_FxEnabled":true},"in2DMode":false,"pivot":{"x":1.2788418531417847,"y":-32.16374969482422,"z":19.110593795776368},"rotation":{"x":0.5233798027038574,"y":-0.00000528656346432399,"z":0.000002245053110527806,"w":0.8521064519882202},"size":44.88713455200195,"orthographic":false}