{"cameraMode":{"drawMode":0,"name":"Shaded","section":"Shading Mode"},"sceneLighting":true,"audioPlay":false,"sceneViewState":{"m_AlwaysRefresh":false,"showFog":true,"showSkybox":true,"showFlares":true,"showImageEffects":true,"showParticleSystems":true,"showVisualEffectGraphs":true,"m_FxEnabled":true},"in2DMode":false,"pivot":{"x":-16.858482360839845,"y":-19.67603302001953,"z":-18.267269134521486},"rotation":{"x":0.12176179140806198,"y":-0.7212800979614258,"z":0.13124783337116242,"w":0.6691142916679382},"size":50.631046295166019,"orthographic":true}